


--头像数据
INSERT INTO my_avatar(id,filename,filesize,webpath,syspath,enabled,createDate,updateDate,createBy,updateBy)
VALUES (1,'a','22','upload-dir/1.jpg','', 1,NOW(),NOW(),'system1','system2');
INSERT INTO my_avatar(id,filename,filesize,webpath,syspath,enabled,createDate,updateDate,createBy,updateBy)
VALUES (2,'a','22','upload-dir/2.png','', 1,NOW(),NOW(),'system1','system2');
--用户数据
INSERT INTO my_users(id,username,avatar_id,password,namecn,enabled,createDate,updateDate,createBy,updateBy)
VALUES (1,'jamesmo',1,'$2a$10$04TVADrR6/SPLBjsK0N30.Jf5fNjBugSACeGv1S69dZALR7lSov0y','张山', 1,NOW(),NOW(),'system1','system2');

INSERT INTO my_users(id,username,avatar_id,password,namecn,enabled,createDate,updateDate,createBy,updateBy)
VALUES (2,'alex2',1,'$2a$10$04TVADrR6/SPLBjsK0N30.Jf5fNjBugSACeGv1S69dZALR7lSov0y','李四2', 1,NOW(),NOW(),'system1','system2');

INSERT INTO my_users(id,username,avatar_id,password,namecn,enabled,createDate,updateDate,createBy,updateBy)
VALUES (3,'alex3',1,'$2a$10$04TVADrR6/SPLBjsK0N30.Jf5fNjBugSACeGv1S69dZALR7lSov0y','李四3', 1,NOW(),NOW(),'system1','system2');

INSERT INTO my_users(id,username,avatar_id,password,namecn,enabled,createDate,updateDate,createBy,updateBy)
VALUES (4,'alex4',1,'$2a$10$04TVADrR6/SPLBjsK0N30.Jf5fNjBugSACeGv1S69dZALR7lSov0y','李四4', 1,NOW(),NOW(),'system1','system2');

INSERT INTO my_users(id,username,avatar_id,password,namecn,enabled,createDate,updateDate,createBy,updateBy)
VALUES (5,'alex5',1,'$2a$10$04TVADrR6/SPLBjsK0N30.Jf5fNjBugSACeGv1S69dZALR7lSov0y','李四5', 1,NOW(),NOW(),'system1','system2');

INSERT INTO my_users(id,username,avatar_id,password,namecn,enabled,createDate,updateDate,createBy,updateBy)
VALUES (6,'alex6',1,'$2a$10$04TVADrR6/SPLBjsK0N30.Jf5fNjBugSACeGv1S69dZALR7lSov0y','李四6', 1,NOW(),NOW(),'system1','system2');

INSERT INTO my_users(id,username,avatar_id,password,namecn,enabled,createDate,updateDate,createBy,updateBy)
VALUES (7,'alex7',1,'$2a$10$04TVADrR6/SPLBjsK0N30.Jf5fNjBugSACeGv1S69dZALR7lSov0y','李四7', 1,NOW(),NOW(),'system1','system2');

INSERT INTO my_users(id,username,avatar_id,password,namecn,enabled,createDate,updateDate,createBy,updateBy)
VALUES (8,'alex8',1,'$2a$10$04TVADrR6/SPLBjsK0N30.Jf5fNjBugSACeGv1S69dZALR7lSov0y','李四8', 1,NOW(),NOW(),'system1','system2');

INSERT INTO my_users(id,username,avatar_id,password,namecn,enabled,createDate,updateDate,createBy,updateBy)
VALUES (9,'alex9',1,'$2a$10$04TVADrR6/SPLBjsK0N30.Jf5fNjBugSACeGv1S69dZALR7lSov0y','李四9', 1,NOW(),NOW(),'system1','system2');

INSERT INTO my_users(id,username,avatar_id,password,namecn,enabled,createDate,updateDate,createBy,updateBy)
VALUES (10,'alex10',1,'$2a$10$04TVADrR6/SPLBjsK0N30.Jf5fNjBugSACeGv1S69dZALR7lSov0y','李四10', 1,NOW(),NOW(),'system1','system2');

INSERT INTO my_users(id,username,avatar_id,password,namecn,enabled,createDate,updateDate,createBy,updateBy)
VALUES (11,'alex11',1,'$2a$10$04TVADrR6/SPLBjsK0N30.Jf5fNjBugSACeGv1S69dZALR7lSov0y','李四11', 1,NOW(),NOW(),'system1','system2');

INSERT INTO my_users(id,username,avatar_id,password,namecn,enabled,createDate,updateDate,createBy,updateBy)
VALUES (12,'alex12',1,'$2a$10$04TVADrR6/SPLBjsK0N30.Jf5fNjBugSACeGv1S69dZALR7lSov0y','李四12', 1,NOW(),NOW(),'system1','system2');

INSERT INTO my_users(id,username,avatar_id,password,namecn,enabled,createDate,updateDate,createBy,updateBy)
VALUES (13,'alex13',1,'$2a$10$04TVADrR6/SPLBjsK0N30.Jf5fNjBugSACeGv1S69dZALR7lSov0y','李四13', 1,NOW(),NOW(),'system1','system2');

INSERT INTO my_users(id,username,avatar_id,password,namecn,enabled,createDate,updateDate,createBy,updateBy)
VALUES (14,'alex14',1,'$2a$10$04TVADrR6/SPLBjsK0N30.Jf5fNjBugSACeGv1S69dZALR7lSov0y','李四14', 1,NOW(),NOW(),'system1','system2');

INSERT INTO my_users(id,username,avatar_id,password,namecn,enabled,createDate,updateDate,createBy,updateBy)
VALUES (15,'alex15',1,'$2a$10$04TVADrR6/SPLBjsK0N30.Jf5fNjBugSACeGv1S69dZALR7lSov0y','李四15', 1,NOW(),NOW(),'system1','system2');

INSERT INTO my_users(id,username,avatar_id,password,namecn,enabled,createDate,updateDate,createBy,updateBy)
VALUES (16,'alex16',1,'$2a$10$04TVADrR6/SPLBjsK0N30.Jf5fNjBugSACeGv1S69dZALR7lSov0y','李四16', 1,NOW(),NOW(),'system1','system2');

INSERT INTO my_users(id,username,avatar_id,password,namecn,enabled,createDate,updateDate,createBy,updateBy)
VALUES (17,'alex17',1,'$2a$10$04TVADrR6/SPLBjsK0N30.Jf5fNjBugSACeGv1S69dZALR7lSov0y','李四17', 1,NOW(),NOW(),'system1','system2');

INSERT INTO my_users(id,username,avatar_id,password,namecn,enabled,createDate,updateDate,createBy,updateBy)
VALUES (18,'alex18',1,'$2a$10$04TVADrR6/SPLBjsK0N30.Jf5fNjBugSACeGv1S69dZALR7lSov0y','李四18', 1,NOW(),NOW(),'system1','system2');

INSERT INTO my_users(id,username,avatar_id,password,namecn,enabled,createDate,updateDate,createBy,updateBy)
VALUES (19,'alex19',1,'$2a$10$04TVADrR6/SPLBjsK0N30.Jf5fNjBugSACeGv1S69dZALR7lSov0y','李四19', 1,NOW(),NOW(),'system1','system2');

INSERT INTO my_users(id,username,avatar_id,password,namecn,enabled,createDate,updateDate,createBy,updateBy)
VALUES (20,'alex20',1,'$2a$10$04TVADrR6/SPLBjsK0N30.Jf5fNjBugSACeGv1S69dZALR7lSov0y','李四20', 1,NOW(),NOW(),'system1','system2');



--角色数据
INSERT INTO my_roles(id,role,name,remark,enabled,createDate,updateDate,createBy,updateBy)
VALUES (1,'ROLE_ADMIN','管理员','测试数据', 1,NOW(),NOW(),'system1','system2');
INSERT INTO my_roles(id,role,name,remark,enabled,createDate,updateDate,createBy,updateBy)
VALUES (2,'ROLE_USER','普通用户','测试数据', 1,NOW(),NOW(),'system1','system2');

--用户角色关联数据
INSERT INTO my_user_roles (user_id, role,user_role_id)
VALUES (1, 'ROLE_USER',1);
INSERT INTO my_user_roles (user_id, role,user_role_id)
VALUES (1, 'ROLE_ADMIN',2);
INSERT INTO my_user_roles (user_id, role,user_role_id)
VALUES (2, 'ROLE_USER',3);



--小组或部门数据
INSERT INTO my_groups(id,group_,name,principal,remark,enabled,createDate,updateDate,createBy,updateBy)
VALUES (1,'web','前端','张山','测试数据', 1,NOW(),NOW(),'system1','system2');
INSERT INTO my_groups(id,group_,name,principal,remark,enabled,createDate,updateDate,createBy,updateBy)
VALUES (2,'app','后端','李四','测试数据', 1,NOW(),NOW(),'system1','system2');


--用户与小组的隶属关系
INSERT INTO my_user_groups(id,group_,user_id,enabled,createDate,updateDate,createBy,updateBy)
VALUES (1,'web',1,1,NOW(),NOW(),'system1','system2');
INSERT INTO my_user_groups(id,group_,user_id,enabled,createDate,updateDate,createBy,updateBy)
VALUES (2,'app',1, 1,NOW(),NOW(),'system1','system2');


--用户太多,逐个授权麻烦;直接将权限给某个小组;
INSERT INTO my_group_roles(id,group_id,role,enabled,createDate,updateDate,createBy,updateBy)
VALUES (1,1,'ROLE_ADMIN',1,NOW(),NOW(),'system1','system2');
INSERT INTO my_group_roles(id,group_id,role,enabled,createDate,updateDate,createBy,updateBy)
VALUES (2,2,'ROLE_USER', 1,NOW(),NOW(),'system1','system2');



--资源数据 用微信app 做测试数据
INSERT INTO my_resources(id,name,uri,type,module,remark,enabled,createDate,updateDate,createBy,updateBy)
VALUES (1,'微信','http://127.0.0.1/form/rest/weixin.html','StaticPage','1001','分类信息交流', 1,NOW(),NOW(),'system1','system2');
INSERT INTO my_resources(id,name,uri,type,module,remark,enabled,createDate,updateDate,createBy,updateBy)
VALUES (2,'通讯录','http://127.0.0.1/form/rest/txl.html','StaticPage','1002','微信好友列表/标签/群聊/公众号', 1,NOW(),NOW(),'system1','system2');
INSERT INTO my_resources(id,name,uri,type,module,remark,enabled,createDate,updateDate,createBy,updateBy)
VALUES (3,'发现','discover','menu','1100','探索功能列表', 1,NOW(),NOW(),'system1','system2');
INSERT INTO my_resources(id,name,uri,type,module,remark,enabled,createDate,updateDate,createBy,updateBy)
VALUES (4,'朋友圈','http://127.0.0.1/form/rest/friends.html','StaticPage','1101','好友信息列表', 1,NOW(),NOW(),'system1','system2');
INSERT INTO my_resources(id,name,uri,type,module,remark,enabled,createDate,updateDate,createBy,updateBy)
VALUES (5,'扫一扫','scan','operation','1102','扫描二维码/街景/封面/翻译', 1,NOW(),NOW(),'system1','system2');
INSERT INTO my_resources(id,name,uri,type,module,remark,enabled,createDate,updateDate,createBy,updateBy)
VALUES (6,'摇一摇','shake','operation','1103','人/歌曲/电视', 1,NOW(),NOW(),'system1','system2');
INSERT INTO my_resources(id,name,uri,type,module,remark,enabled,createDate,updateDate,createBy,updateBy)
VALUES (7,'附近的人','http://127.0.0.1/form/rest/peoplenearby.html','StaticPage','1104','附近的人', 1,NOW(),NOW(),'system1','system2');
INSERT INTO my_resources(id,name,uri,type,module,remark,enabled,createDate,updateDate,createBy,updateBy)
VALUES (8,'漂流瓶','http://127.0.0.1/form/rest/drifting bottle.html','StaticPage','1105',' 漂流瓶', 1,NOW(),NOW(),'system1','system2');
INSERT INTO my_resources(id,name,uri,type,module,remark,enabled,createDate,updateDate,createBy,updateBy)
VALUES (9,'购物','http://127.0.0.1/form/rest/shopping.html','StaticPage','1106',' 购物', 1,NOW(),NOW(),'system1','system2');
INSERT INTO my_resources(id,name,uri,type,module,remark,enabled,createDate,updateDate,createBy,updateBy)
VALUES (10,'游戏','http://127.0.0.1/form/rest/game.html','StaticPage','1106','游戏', 1,NOW(),NOW(),'system1','system2');
INSERT INTO my_resources(id,name,uri,type,module,remark,enabled,createDate,updateDate,createBy,updateBy)
VALUES (12,'我','me','menu','1200','我', 1,NOW(),NOW(),'system1','system2');
INSERT INTO my_resources(id,name,uri,type,module,remark,enabled,createDate,updateDate,createBy,updateBy)
VALUES (13,'个人信息','information','menu','1300','个人信息', 1,NOW(),NOW(),'system1','system2');
INSERT INTO my_resources(id,name,uri,type,module,remark,enabled,createDate,updateDate,createBy,updateBy)
VALUES (14,'头像','photo','element','1301','个性照片', 1,NOW(),NOW(),'system1','system2');
INSERT INTO my_resources(id,name,uri,type,module,remark,enabled,createDate,updateDate,createBy,updateBy)
VALUES (15,'名字','name','element','1302','名字', 1,NOW(),NOW(),'system1','system2');
INSERT INTO my_resources(id,name,uri,type,module,remark,enabled,createDate,updateDate,createBy,updateBy)
VALUES (16,'微信号','name','element','1303','名字', 1,NOW(),NOW(),'system1','system2');
INSERT INTO my_resources(id,name,uri,type,module,remark,enabled,createDate,updateDate,createBy,updateBy)
VALUES (17,'我的二维码','QRcode','element','1304','二维码', 1,NOW(),NOW(),'system1','system2');
INSERT INTO my_resources(id,name,uri,type,module,remark,enabled,createDate,updateDate,createBy,updateBy)
VALUES (18,'我的地址','address','element','1305','我的地址', 1,NOW(),NOW(),'system1','system2');
INSERT INTO my_resources(id,name,uri,type,module,remark,enabled,createDate,updateDate,createBy,updateBy)
VALUES (19,'性别','sex','element','1306',' 性别', 1,NOW(),NOW(),'system1','system2');
INSERT INTO my_resources(id,name,uri,type,module,remark,enabled,createDate,updateDate,createBy,updateBy)
VALUES (20,'地区','region','element','1307',' 地区', 1,NOW(),NOW(),'system1','system2');
INSERT INTO my_resources(id,name,uri,type,module,remark,enabled,createDate,updateDate,createBy,updateBy)
VALUES (21,'个性签名','signature','element','1308',' 个性签名', 1,NOW(),NOW(),'system1','system2');
INSERT INTO my_resources(id,name,uri,type,module,remark,enabled,createDate,updateDate,createBy,updateBy)
VALUES (22,'LinkedIn 账号','http://127.0.0.1/form/rest/linkedin.html.','StaticPage','1308',' LinkedIn 账号', 1,NOW(),NOW(),'system1','system2');
INSERT INTO my_resources(id,name,uri,type,module,remark,enabled,createDate,updateDate,createBy,updateBy)
VALUES (23,'Watch 微信','watchweixin','menu','1500','手表微信', 1,NOW(),NOW(),'system1','system2');
INSERT INTO my_resources(id,name,uri,type,module,remark,enabled,createDate,updateDate,createBy,updateBy)
VALUES (24,'手表联系人设置','http://127.0.0.1/form/rest/watchfriend.html','StaticPage','1501','手表联系人设置', 1,NOW(),NOW(),'system1','system2');
INSERT INTO my_resources(id,name,uri,type,module,remark,enabled,createDate,updateDate,createBy,updateBy)
VALUES (25,'朋友圈表盘','http://127.0.0.1/form/rest/watchfriendinfo.html','StaticPage','1502','朋友圈表盘', 1,NOW(),NOW(),'system1','system2');
INSERT INTO my_resources(id,name,uri,type,module,remark,enabled,createDate,updateDate,createBy,updateBy)
VALUES (26,'小信号','http://127.0.0.1/form/rest/watchfriendmsg.html','StaticPage','1503','小信号', 1,NOW(),NOW(),'system1','system2');
INSERT INTO my_resources(id,name,uri,type,module,remark,enabled,createDate,updateDate,createBy,updateBy)
VALUES (27,'回复模板','http://127.0.0.1/form/rest/watchtemplate.html','StaticPage','1504','回复模板', 1,NOW(),NOW(),'system1','system2');
INSERT INTO my_resources(id,name,uri,type,module,remark,enabled,createDate,updateDate,createBy,updateBy)
VALUES (28,'使用技巧','http://127.0.0.1/form/rest/watchmethod.html','StaticPage','1505','使用技巧', 1,NOW(),NOW(),'system1','system2');
INSERT INTO my_resources(id,name,uri,type,module,remark,enabled,createDate,updateDate,createBy,updateBy)
VALUES (29,'收藏','http://127.0.0.1/form/rest/favorites.html','StaticPage','1201',' 我收藏的图文信息', 1,NOW(),NOW(),'system1','system2');
INSERT INTO my_resources(id,name,uri,type,module,remark,enabled,createDate,updateDate,createBy,updateBy)
VALUES (30,'钱包','money','menu','1600',' 钱包支付', 1,NOW(),NOW(),'system1','system2');
INSERT INTO my_resources(id,name,uri,type,module,remark,enabled,createDate,updateDate,createBy,updateBy)
VALUES (31,'卡包','card','menu','1700',' 钱包支付', 1,NOW(),NOW(),'system1','system2');
INSERT INTO my_resources(id,name,uri,type,module,remark,enabled,createDate,updateDate,createBy,updateBy)
VALUES (32,'表情','http://127.0.0.1/form/rest/photo.html','StaticPage','1800','表情', 1,NOW(),NOW(),'system1','system2');
INSERT INTO my_resources(id,name,uri,type,module,remark,enabled,createDate,updateDate,createBy,updateBy)
VALUES (33,'设置','card','menu','1800','设置', 1,NOW(),NOW(),'system1','system2');
INSERT INTO my_resources(id,name,uri,type,module,remark,enabled,createDate,updateDate,createBy,updateBy)
VALUES (34,'账号与安全','card','menu','1900','账号与安全', 1,NOW(),NOW(),'system1','system2');
INSERT INTO my_resources(id,name,uri,type,module,remark,enabled,createDate,updateDate,createBy,updateBy)
VALUES (35,'qq 号','qq','element','1901','qq 号', 1,NOW(),NOW(),'system1','system2');
INSERT INTO my_resources(id,name,uri,type,module,remark,enabled,createDate,updateDate,createBy,updateBy)
VALUES (36,'手机号','phone','element','1902','手机号', 1,NOW(),NOW(),'system1','system2');
INSERT INTO my_resources(id,name,uri,type,module,remark,enabled,createDate,updateDate,createBy,updateBy)
VALUES (37,'邮箱地址','email','element','1903','邮箱地址', 1,NOW(),NOW(),'system1','system2');
INSERT INTO my_resources(id,name,uri,type,module,remark,enabled,createDate,updateDate,createBy,updateBy)
VALUES (38,'声音锁','voicelock','element','1904','声音锁', 1,NOW(),NOW(),'system1','system2');
INSERT INTO my_resources(id,name,uri,type,module,remark,enabled,createDate,updateDate,createBy,updateBy)
VALUES (39,'微信密码','weixinpassword','element','1905','微信密码', 1,NOW(),NOW(),'system1','system2');
INSERT INTO my_resources(id,name,uri,type,module,remark,enabled,createDate,updateDate,createBy,updateBy)
VALUES (40,'账号保护','accountprotect','element','1906','账号保护', 1,NOW(),NOW(),'system1','system2');
INSERT INTO my_resources(id,name,uri,type,module,remark,enabled,createDate,updateDate,createBy,updateBy)
VALUES (41,'微信安全中心','Security Center','menu','2000','微信安全中心', 1,NOW(),NOW(),'system1','system2');
INSERT INTO my_resources(id,name,uri,type,module,remark,enabled,createDate,updateDate,createBy,updateBy)
VALUES (42,'找回账号密码','http://127.0.0.1/form/rest/findpasswd.html','StaticPage','2001','找回账号密码', 1,NOW(),NOW(),'system1','system2');
INSERT INTO my_resources(id,name,uri,type,module,remark,enabled,createDate,updateDate,createBy,updateBy)
VALUES (43,'解封账号','http://127.0.0.1/form/rest/unlockaccount.html','StaticPage','2002','解封账号', 1,NOW(),NOW(),'system1','system2');
INSERT INTO my_resources(id,name,uri,type,module,remark,enabled,createDate,updateDate,createBy,updateBy)
VALUES (44,'冻结账号','http://127.0.0.1/form/rest/lockaccount.html','StaticPage','2003','冻结账号', 1,NOW(),NOW(),'system1','system2');
INSERT INTO my_resources(id,name,uri,type,module,remark,enabled,createDate,updateDate,createBy,updateBy)
VALUES (45,'解冻账号','http://127.0.0.1/form/rest/unlockaccount1.html','StaticPage','2004','解冻账号', 1,NOW(),NOW(),'system1','system2');
INSERT INTO my_resources(id,name,uri,type,module,remark,enabled,createDate,updateDate,createBy,updateBy)
VALUES (46,'投诉维权','http://127.0.0.1/form/rest/Complaintsrights.html','StaticPage','2005','投诉维权', 1,NOW(),NOW(),'system1','system2');

INSERT INTO my_resources(id,name,uri,type,module,remark,enabled,createDate,updateDate,createBy,updateBy)
VALUES (47,'新消息通知','newmessages','menu','2100','新消息通知', 1,NOW(),NOW(),'system1','system2');
INSERT INTO my_resources(id,name,uri,type,module,remark,enabled,createDate,updateDate,createBy,updateBy)
VALUES (48,'接收消息通知','recivermessage','element','2100','接收消息通知', 1,NOW(),NOW(),'system1','system2');
INSERT INTO my_resources(id,name,uri,type,module,remark,enabled,createDate,updateDate,createBy,updateBy)
VALUES (49,'通知显示消息详情','messageinfo','element','2101','通知显示消息详情', 1,NOW(),NOW(),'system1','system2');
INSERT INTO my_resources(id,name,uri,type,module,remark,enabled,createDate,updateDate,createBy,updateBy)
VALUES (50,'功能消息免打扰','message','element','2102','功能消息免打扰', 1,NOW(),NOW(),'system1','system2');
INSERT INTO my_resources(id,name,uri,type,module,remark,enabled,createDate,updateDate,createBy,updateBy)
VALUES (51,'声音','voice','element','2103','声音', 1,NOW(),NOW(),'system1','system2');
INSERT INTO my_resources(id,name,uri,type,module,remark,enabled,createDate,updateDate,createBy,updateBy)
VALUES (52,'震动','shock','element','2104','震动', 1,NOW(),NOW(),'system1','system2');
INSERT INTO my_resources(id,name,uri,type,module,remark,enabled,createDate,updateDate,createBy,updateBy)
VALUES (53,'朋友圈照片更新','photoupdate','element','2105','朋友圈照片更新', 1,NOW(),NOW(),'system1','system2');

INSERT INTO my_resources(id,name,uri,type,module,remark,enabled,createDate,updateDate,createBy,updateBy)
VALUES (54,'隐私','private','menu','2200','隐私', 1,NOW(),NOW(),'system1','system2');
INSERT INTO my_resources(id,name,uri,type,module,remark,enabled,createDate,updateDate,createBy,updateBy)
VALUES (55,'加我为朋友时候需要通过验证','','element','2201','加我为朋友时候需要通过验证', 1,NOW(),NOW(),'system1','system2');
INSERT INTO my_resources(id,name,uri,type,module,remark,enabled,createDate,updateDate,createBy,updateBy)
VALUES (56,'通过qq 号搜索到我','','element','2202','通过qq 号搜索到我', 1,NOW(),NOW(),'system1','system2');
INSERT INTO my_resources(id,name,uri,type,module,remark,enabled,createDate,updateDate,createBy,updateBy)
VALUES (57,'可通过手机号搜索到我','','element','2203','可通过手机号搜索到我', 1,NOW(),NOW(),'system1','system2');
INSERT INTO my_resources(id,name,uri,type,module,remark,enabled,createDate,updateDate,createBy,updateBy)
VALUES (58,'向我推荐通讯录朋友','','element','2204','向我推荐通讯录朋友', 1,NOW(),NOW(),'system1','system2');
INSERT INTO my_resources(id,name,uri,type,module,remark,enabled,createDate,updateDate,createBy,updateBy)
VALUES (59,'通过微信号搜索到我','','element','2205','通过微信号搜索到我', 1,NOW(),NOW(),'system1','system2');
INSERT INTO my_resources(id,name,uri,type,module,remark,enabled,createDate,updateDate,createBy,updateBy)
VALUES (60,'通讯录黑名单','','element','2206','通讯录黑名单', 1,NOW(),NOW(),'system1','system2');
INSERT INTO my_resources(id,name,uri,type,module,remark,enabled,createDate,updateDate,createBy,updateBy)
VALUES (61,'不让他看我的朋友圈','','element','2207','不让他看我的朋友圈', 1,NOW(),NOW(),'system1','system2');
INSERT INTO my_resources(id,name,uri,type,module,remark,enabled,createDate,updateDate,createBy,updateBy)
VALUES (62,'不看他的朋友圈','','element','2208','不看他的朋友圈', 1,NOW(),NOW(),'system1','system2');
INSERT INTO my_resources(id,name,uri,type,module,remark,enabled,createDate,updateDate,createBy,updateBy)
VALUES (63,'允许陌生人看10张照片','','element','2209','允许陌生人看10张照片', 1,NOW(),NOW(),'system1','system2');

INSERT INTO my_resources(id,name,uri,type,module,remark,enabled,createDate,updateDate,createBy,updateBy)
VALUES (64,'通用','common','menu','2300','通用', 1,NOW(),NOW(),'system1','system2');
INSERT INTO my_resources(id,name,uri,type,module,remark,enabled,createDate,updateDate,createBy,updateBy)
VALUES (65,'多语言','','element','2301','加我为朋友时候需要通过验证', 1,NOW(),NOW(),'system1','system2');
INSERT INTO my_resources(id,name,uri,type,module,remark,enabled,createDate,updateDate,createBy,updateBy)
VALUES (66,'字体大小','','element','2302','通过qq 号搜索到我', 1,NOW(),NOW(),'system1','system2');
INSERT INTO my_resources(id,name,uri,type,module,remark,enabled,createDate,updateDate,createBy,updateBy)
VALUES (67,'聊天背景','','element','2303','可通过手机号搜索到我', 1,NOW(),NOW(),'system1','system2');
INSERT INTO my_resources(id,name,uri,type,module,remark,enabled,createDate,updateDate,createBy,updateBy)
VALUES (68,'我的表情','','element','2304','向我推荐通讯录朋友', 1,NOW(),NOW(),'system1','system2');
INSERT INTO my_resources(id,name,uri,type,module,remark,enabled,createDate,updateDate,createBy,updateBy)
VALUES (69,'朋友圈小视屏','','element','2305','通过微信号搜索到我', 1,NOW(),NOW(),'system1','system2');
INSERT INTO my_resources(id,name,uri,type,module,remark,enabled,createDate,updateDate,createBy,updateBy)
VALUES (70,'听筒模式','','element','2306','通讯录黑名单', 1,NOW(),NOW(),'system1','system2');
INSERT INTO my_resources(id,name,uri,type,module,remark,enabled,createDate,updateDate,createBy,updateBy)
VALUES (71,'功能','','element','2307','不让他看我的朋友圈', 1,NOW(),NOW(),'system1','system2');
INSERT INTO my_resources(id,name,uri,type,module,remark,enabled,createDate,updateDate,createBy,updateBy)
VALUES (72,'聊天记录迁移','','element','2308','不看他的朋友圈', 1,NOW(),NOW(),'system1','system2');
INSERT INTO my_resources(id,name,uri,type,module,remark,enabled,createDate,updateDate,createBy,updateBy)
VALUES (73,'清理微信存储空间','','element','2309','允许陌生人看10张照片', 1,NOW(),NOW(),'system1','system2');
INSERT INTO my_resources(id,name,uri,type,module,remark,enabled,createDate,updateDate,createBy,updateBy)
VALUES (74,'清空聊天记录','','element','2310','允许陌生人看10张照片', 1,NOW(),NOW(),'system1','system2');

INSERT INTO my_resources(id,name,uri,type,module,remark,enabled,createDate,updateDate,createBy,updateBy)
VALUES (75,'帮助与反馈','common','menu','2400','通用', 1,NOW(),NOW(),'system1','system2');

INSERT INTO my_resources(id,name,uri,type,module,remark,enabled,createDate,updateDate,createBy,updateBy)
VALUES (76,'关于微信','common','menu','2500','通用', 1,NOW(),NOW(),'system1','system2');

INSERT INTO my_resources(id,name,uri,type,module,remark,enabled,createDate,updateDate,createBy,updateBy)
VALUES (77,'退出登录','common','menu','2600','通用', 1,NOW(),NOW(),'system1','system2');


--权限数据
INSERT INTO my_auths(id,name,module,remark,enabled,createDate,updateDate,createBy,updateBy)
VALUES (1,'auth_home','1101','测试数据', 1,NOW(),NOW(),'system1','system2');
INSERT INTO my_auths(id,name,module,remark,enabled,createDate,updateDate,createBy,updateBy)
VALUES (2,'auth_login','1102','测试数据', 1,NOW(),NOW(),'system1','system2');

--权限与资源关联
INSERT INTO my_auth_resources(id,auth_id,res,enabled,createDate,updateDate,createBy,updateBy)
VALUES (1,'1','1', 1,NOW(),NOW(),'system1','system2');
INSERT INTO my_auth_resources(id,auth_id,res,enabled,createDate,updateDate,createBy,updateBy)
VALUES (2,'2','2', 1,NOW(),NOW(),'system1','system2');


--模块数据
INSERT INTO my_modules(id,code,name,remark,enabled,createDate,updateDate,createBy,updateBy)
VALUES (1,'1001','首页','测试数据', 1,NOW(),NOW(),'system1','system2');
INSERT INTO my_modules(id,code,name,remark,enabled,createDate,updateDate,createBy,updateBy)
VALUES (2,'1002','登陆','测试数据', 1,NOW(),NOW(),'system1','system2');

--角色与权限关联数据
INSERT INTO my_role_auths(id,role_id,auth,enabled,createDate,updateDate,createBy,updateBy)
VALUES (1,1,'auth_home', 1,NOW(),NOW(),'system1','system2');
INSERT INTO my_role_auths(id,role_id,auth,enabled,createDate,updateDate,createBy,updateBy)
VALUES (2,2,'auth_login', 1,NOW(),NOW(),'system1','system2');



insert into channel_auth (id,name,code,pwd,token,token_expire,iplist,ip_bind_time,ip_time_out,connect_count,limit_bandwidth,status,createDate,updateDate,createBy,updateBy)
values(1,'test','test','test',md5('testtest192.168.59.103xxxx1234'),1,'192.168.59.103',300,60,100,100,1,NOW(),NOW(),'system1','system2');

insert into channel_auth (id,name,code,pwd,token,token_expire,iplist,ip_bind_time,ip_time_out,connect_count,limit_bandwidth,status,createDate,updateDate,createBy,updateBy)
values(2,'abc','abc','abc',md5('testtest192.168.59.103xxxx1234'),1,'192.168.99.101',300,60,100,100,1,NOW(),NOW(),'system1','system2');


INSERT INTO t_person (firstName, lastName)
VALUES ('james', 'mo');



--活动数据
INSERT INTO t_activity(id,activityName,activityTime,remarks,startTime,StopTime,deleted,enabled,createDate,updateDate,createBy,updateBy)
VALUES(1,"120存费送费","2016-09-01","预存120元话费，送话费",NOW(),"2016-09-01",1,1,NOW(),NOW(),'system1','system2');
INSERT INTO t_activity(id,activityName,activityTime,remarks,startTime,StopTime,deleted,enabled,createDate,updateDate,createBy,updateBy)
VALUES(2,"240存费送费","2016-10-01","预存240元话费，送话费","2016-10-01","2016-10-07",1,1,NOW(),NOW(),'system1','system2');

--活动明细数据
INSERT INTO t_activity_detail(id,activityStep,contractPeriod,mealPrices,activity_id,deleted,enabled,createDate,updateDate,createBy,updateBy)
VALUES(1,"120存费送费",12,120,1,1,1,NOW(),NOW(),'system1','system2');
INSERT INTO t_activity_detail(id,activityStep,contractPeriod,mealPrices,activity_id,deleted,enabled,createDate,updateDate,createBy,updateBy)
VALUES(2,"240存费送费",12,240,2,1,1,NOW(),NOW(),'system1','system2');


--添加唯一索引
--ALTER TABLE `t_product` ADD UNIQUE ( `productOrderId` );
--产品数据
INSERT INTO `t_product` (`id`, `createBy`, `createDate`, `deleted`, `enabled`, `updateBy`, `updateDate`, `flow_Type`, `price`, `productDetail`, `productName`, `productOrderId`, `product_type`)
VALUES (1, 'system1', '2016-11-21 13:50:46', 1, 1, 'system2', '2016-11-21 13:50:46', '10', 10, '', '10元500MB国内流量假日包(豫)', '90046546', 'flow');
INSERT INTO `t_product` (`id`, `createBy`, `createDate`, `deleted`, `enabled`, `updateBy`, `updateDate`, `flow_Type`, `price`, `productDetail`, `productName`, `productOrderId`, `product_type`)
VALUES (2, 'system1', '2016-11-21 13:50:46', 1, 1, 'system2', '2016-11-21 13:50:46', '10', 10, '', '10元1GB省内流量假日包（豫）', '90046547', 'flow');
INSERT INTO `t_product` (`id`, `createBy`, `createDate`, `deleted`, `enabled`, `updateBy`, `updateDate`, `flow_Type`, `price`, `productDetail`, `productName`, `productOrderId`, `product_type`)
VALUES (3, 'system1', '2016-11-21 13:50:46', 1, 1, 'system2', '2016-11-21 13:50:46', '11', 10, '', '10元2GB省内日流量包', '47600020', 'flow');
INSERT INTO `t_product` (`id`, `createBy`, `createDate`, `deleted`, `enabled`, `updateBy`, `updateDate`, `flow_Type`, `price`, `productDetail`, `productName`, `productOrderId`, `product_type`)
VALUES (4, 'system1', '2016-11-21 13:50:46', 1, 1, 'system2', '2016-11-21 13:50:46', '11', 10, '', '10元1GB国内日流量包', '47600040', 'flow');

--用户(订单)表
INSERT INTO t_ouser (id,createBy, createDate, deleted, enabled, updateBy, updateDate, OwnerPlace, telNumber)
VALUES (1,'system', '2016-08-16 18:19:14', 0, 1, 'system', '2016-08-16 18:19:14', '河南', '18638787085') ;
INSERT INTO t_ouser (id,createBy, createDate, deleted, enabled, updateBy, updateDate, OwnerPlace, telNumber)
VALUES (2,'system', '2016-08-16 18:19:14', 0, 1, 'system', '2016-08-16 18:19:14', '河北', '12345678988') ;
INSERT INTO t_ouser (id,createBy, createDate, deleted, enabled, updateBy, updateDate, OwnerPlace, telNumber)
VALUES (3,'system', '2016-08-16 18:19:14', 0, 1, 'system', '2016-08-16 18:19:14', '河南', '13245678904') ;

--订单表
INSERT INTO t_order (id,createBy, createDate, deleted, enabled, updateBy, updateDate, activity_detail_id, date, payAmount, product_id, workId)
VALUES (1,'system', '2016-08-16 17:53:05', 0, 1, 'system', '2016-08-16 17:53:05', 1, '2016-08-10', 120, 1, 1);
INSERT INTO t_order (id,createBy, createDate, deleted, enabled, updateBy, updateDate, activity_detail_id, date, payAmount, product_id, workId)
VALUES (2,'system', '2016-08-16 17:53:05', 0, 1, 'system', '2016-08-16 17:53:05', 2, '2016-08-10', 240, 1, 2);
INSERT INTO t_order (id,createBy, createDate, deleted, enabled, updateBy, updateDate, activity_detail_id, date, payAmount, product_id, workId)
VALUES (3,'system', '2016-08-16 17:53:05', 0, 1, 'system', '2016-08-16 17:53:05', 2, '2016-08-10', 240, 1, 3);
INSERT INTO t_order (id,createBy, createDate, deleted, enabled, updateBy, updateDate, activity_detail_id, date, payAmount, product_id, workId)
VALUES (4,'system', '2016-08-16 17:53:05', 0, 1, 'system', '2016-08-16 17:53:05', 2, '2016-08-10', 240, 1, 4);
INSERT INTO t_order (id,createBy, createDate, deleted, enabled, updateBy, updateDate, activity_detail_id, date, payAmount, product_id, workId)
VALUES (5,'system', '2016-08-16 17:53:05', 0, 1, 'system', '2016-08-16 17:53:05', 2, '2016-08-10', 240, 1, 5);
INSERT INTO t_order (id,createBy, createDate, deleted, enabled, updateBy, updateDate, activity_detail_id, date, payAmount, product_id, workId)
VALUES (6,'system', '2016-08-16 17:53:05', 0, 1, 'system', '2016-08-16 17:53:05', 2, '2016-08-10', 240, 1, 6);
INSERT INTO t_order (id,createBy, createDate, deleted, enabled, updateBy, updateDate, activity_detail_id, date, payAmount, product_id, workId)
VALUES (7,'system', '2016-08-16 17:53:05', 0, 1, 'system', '2016-08-16 17:53:05', 2, '2016-08-10', 240, 1, 7);
INSERT INTO t_order (id,createBy, createDate, deleted, enabled, updateBy, updateDate, activity_detail_id, date, payAmount, product_id, workId)
VALUES (8,'system', '2016-08-16 17:53:05', 0, 1, 'system', '2016-08-16 17:53:05', 2, '2016-08-10', 240, 1, 8);
INSERT INTO t_order (id,createBy, createDate, deleted, enabled, updateBy, updateDate, activity_detail_id, date, payAmount, product_id, workId)
VALUES (9,'system', '2016-08-16 17:53:05', 0, 1, 'system', '2016-08-16 17:53:05', 2, '2016-08-10', 240, 1, 9);
--工单表
INSERT INTO `t_work_order` (`id`, `CompleTime`, `EndTime`, `Result`, `StartTime`, `WXhsh`, `element_id1`, `element_id2`, `element_id3`, `emode`, `msgAcceptance`, `msgReach`, `nettype`, `order_id`, `orderproduct_id1`, `orderproduct_id2`, `orderproduct_id3`, `package_id1`, `package_id2`, `package_id3`, `product_id1`, `product_id2`, `product_id3`, `serviceClassCode`, `telNu`, `template_id`, `activity_detail_id`, `product_fk_id1`, `product_fk_id2`, `product_fk_id3`,'failCount')
VALUES (1, NULL, '2016-12-30 11:11:11', '工单未完成', '2016-11-16 11:11:11', '您的4G套餐共含流量**M,截止*月**日，您使用流量已达**M。\\n您已连续两个月流量使用率超过70%，为节省您的流量资费建议。\\n您办理100元1G国内流量半年包，6个月内可尽情使用。\\n点击详情链接进行订购，即时生效。', '8107971', NULL, NULL, NULL, '\0', '\0', '4', '201609130002', '90046546', NULL, NULL, '51768291', NULL, NULL, '90046546', NULL, NULL, '50', '18638787085', 'aRN8Gjt8Xhv12oMY4WQQkSKUxS2f596RRt0t4N7Ms9s', NULL, 1, NULL, NULL,0);
INSERT INTO `t_work_order` (`id`, `CompleTime`, `EndTime`, `Result`, `StartTime`, `WXhsh`, `element_id1`, `element_id2`, `element_id3`, `emode`, `msgAcceptance`, `msgReach`, `nettype`, `order_id`, `orderproduct_id1`, `orderproduct_id2`, `orderproduct_id3`, `package_id1`, `package_id2`, `package_id3`, `product_id1`, `product_id2`, `product_id3`, `serviceClassCode`, `telNu`, `template_id`, `activity_detail_id`, `product_fk_id1`, `product_fk_id2`, `product_fk_id3`,'failCount')
VALUES (2, NULL, '2016-12-30 11:11:11', '工单未完成', '2016-11-16 11:11:11', '您的4G套餐共含流量**M,截止*月**日，您使用流量已达**M。\\n您已连续两个月流量使用率超过70%，为节省您的流量资费建议。\\n您办理100元1G国内流量半年包，6个月内可尽情使用。\\n点击详情链接进行订购，即时生效。', '8107961', NULL, NULL, NULL, '\0', '\0', '4', '201609130002', '90046547', NULL, NULL, '51768297', NULL, NULL, '90046547', NULL, NULL, '50', '13671343167', 'aRN8Gjt8Xhv12oMY4WQQkSKUxS2f596RRt0t4N7Ms9s', NULL, 2, NULL, NULL,0);
INSERT INTO `t_work_order` (`id`, `CompleTime`, `EndTime`, `Result`, `StartTime`, `WXhsh`, `element_id1`, `element_id2`, `element_id3`, `emode`, `msgAcceptance`, `msgReach`, `nettype`, `order_id`, `orderproduct_id1`, `orderproduct_id2`, `orderproduct_id3`, `package_id1`, `package_id2`, `package_id3`, `product_id1`, `product_id2`, `product_id3`, `serviceClassCode`, `telNu`, `template_id`, `activity_detail_id`, `product_fk_id1`, `product_fk_id2`, `product_fk_id3`,'failCount')
VALUES (3, NULL, '2016-12-30 11:11:11', '工单未完成', '2016-11-16 11:11:11', '您的4G套餐共含流量**M,截止*月**日，您使用流量已达**M。\\n您已连续两个月流量使用率超过70%，为节省您的流量资费建议。\\n您办理100元1G国内流量半年包，6个月内可尽情使用。\\n点击详情链接进行订购，即时生效。', '8107971', '8107961', NULL, NULL, '\0', '\0', '4', '201609130002', '90046546', '90046547', NULL, '51768291', '51768297', NULL, '90046546', '90046547', NULL, '50', '15001113246', 'aRN8Gjt8Xhv12oMY4WQQkSKUxS2f596RRt0t4N7Ms9s', NULL, 1, 2, NULL,0);
INSERT INTO `t_work_order` (`id`, `CompleTime`, `EndTime`, `Result`, `StartTime`, `WXhsh`, `element_id1`, `element_id2`, `element_id3`, `emode`, `msgAcceptance`, `msgReach`, `nettype`, `order_id`, `orderproduct_id1`, `orderproduct_id2`, `orderproduct_id3`, `package_id1`, `package_id2`, `package_id3`, `product_id1`, `product_id2`, `product_id3`, `serviceClassCode`, `telNu`, `template_id`, `activity_detail_id`, `product_fk_id1`, `product_fk_id2`, `product_fk_id3`,'failCount')
VALUES (4, NULL, '2016-12-30 11:11:11', '工单未完成', '2016-11-16 11:11:11', '根据您的消费情况，推荐您使用承诺最低消费送流量产品，承诺每月最低消费43元即可赠送1G省内流量，承诺最低消费45元每月赠送2G省内流量，合约期3个月，到期自动取消，也可继续订购。', '47600020', NULL, NULL, NULL, '\0', '\0', '4', '201609130002', '47600020', NULL, NULL, '47600020', NULL, NULL, '99999827', NULL, NULL, '50', '18680753177', 'aRN8Gjt8Xhv12oMY4WQQkSKUxS2f596RRt0t4N7Ms9s', NULL, 3, NULL, NULL,0);
INSERT INTO `t_work_order` (`id`, `CompleTime`, `EndTime`, `Result`, `StartTime`, `WXhsh`, `element_id1`, `element_id2`, `element_id3`, `emode`, `msgAcceptance`, `msgReach`, `nettype`, `order_id`, `orderproduct_id1`, `orderproduct_id2`, `orderproduct_id3`, `package_id1`, `package_id2`, `package_id3`, `product_id1`, `product_id2`, `product_id3`, `serviceClassCode`, `telNu`, `template_id`, `activity_detail_id`, `product_fk_id1`, `product_fk_id2`, `product_fk_id3`,'failCount')
VALUES (5, NULL, '2016-12-30 11:11:11', '工单未完成', '2016-11-16 11:11:11', '根据您的消费情况，推荐您使用承诺最低消费送流量产品，承诺每月最低消费43元即可赠送1G省内流量，承诺最低消费45元每月赠送2G省内流量，合约期3个月，到期自动取消，也可继续订购。', '47600020', '47600040', NULL, NULL, '\0', '\0', '4', '201609130002', '47600020', '47600040', NULL, '51770073', '51770071', NULL, '99999827', '99999827', NULL, '50', '15238036807', 'aRN8Gjt8Xhv12oMY4WQQkSKUxS2f596RRt0t4N7Ms9s', NULL, 4, NULL, NULL,0);
INSERT INTO `t_work_order` (`id`, `CompleTime`, `EndTime`, `Result`, `StartTime`, `WXhsh`, `element_id1`, `element_id2`, `element_id3`, `emode`, `msgAcceptance`, `msgReach`, `nettype`, `order_id`, `orderproduct_id1`, `orderproduct_id2`, `orderproduct_id3`, `package_id1`, `package_id2`, `package_id3`, `product_id1`, `product_id2`, `product_id3`, `serviceClassCode`, `telNu`, `template_id`, `activity_detail_id`, `product_fk_id1`, `product_fk_id2`, `product_fk_id3`,'failCount')
VALUES (6, NULL, '2016-12-30 11:11:11', '工单未完成', '2016-11-16 11:11:11', '您的4G套餐共含流量**M,截止*月**日，您使用流量已达**M。\\n您已连续两个月流量使用率超过70%，为节省您的流量资费建议。\\n您办理100元1G国内流量半年包，6个月内可尽情使用。\\n点击详情链接进行订购，即时生效。', '47600020', '47600040', NULL, NULL, '\0', '\0', '4', '201609130002', '47600020', '47600040', NULL, '51770073', '51770071', NULL, '90046546', '99999827', NULL, '50', '18638787085', 'aRN8Gjt8Xhv12oMY4WQQkSKUxS2f596RRt0t4N7Ms9s', NULL, 3, 4, NULL,0);

--opendId telphone 表
INSERT INTO t_wechat_user (openId,telphone)
VALUES ("oio3NwbS8BVVWltnFr7lAeCf2dIw","18638787085");
INSERT INTO t_wechat_user (openId,telphone)
VALUES ("oio3NwbS8BVVWltnFr7lAeCf2dIw","13671343167");
INSERT INTO t_wechat_user (openId,telphone)
VALUES ("oio3NwbS8BVVWltnFr7lAeCf2dIw","15001113246");
INSERT INTO t_wechat_user (openId,telphone)
VALUES ("oio3NwbS8BVVWltnFr7lAeCf2dIw","18680753177");
INSERT INTO t_wechat_user (openId,telphone)
VALUES ("oio3NwbS8BVVWltnFr7lAeCf2dIw","15238036807");
INSERT INTO t_wechat_user (openId,telphone)
VALUES ("oio3NwbS8BVVWltnFr7lAeCf2dIw","18638787086");
--奖品表
INSERT INTO l_lottery (id,name,desc_,amount, minangle ,maxangle,probability,period)
VALUES (1,  '1','一等奖', 1, 1, 36, 1,'TheMayDay');
INSERT INTO l_lottery (id,name,desc_,amount, minangle ,maxangle,probability,period)
VALUES (2,  '2','二等奖', 3, 46, 82,  2,'TheMayDay');
INSERT INTO l_lottery (id,name,desc_,amount, minangle ,maxangle,probability,period)
VALUES (3,  '3','三等奖', 4,110 , 145,  3,'TheMayDay');
INSERT INTO l_lottery (id,name,desc_,amount, minangle ,maxangle,probability,period)
VALUES (4,  '4','谢谢参与', 100,180 , 216,  10,'TheMayDay');
INSERT INTO l_lottery (id,name,desc_,amount, minangle ,maxangle,probability,period)
VALUES (5,  '5','什么也没有', 500, 217 , 242, 10,'TheMayDay');
INSERT INTO l_lottery (id,name,desc_,amount, minangle ,maxangle,probability,period)
VALUES (6,  '1','一等奖', 1, 1, 36, 1,'NationalDay');
INSERT INTO l_lottery (id,name,desc_,amount, minangle ,maxangle,probability,period)
VALUES (7,  '2','二等奖', 3, 46, 82,  2,'NationalDay');
INSERT INTO l_lottery (id,name,desc_,amount, minangle ,maxangle,probability,period)
VALUES (8,  '3','三等奖', 4,110 , 145,  3,'SpringDay');
INSERT INTO l_lottery (id,name,desc_,amount, minangle ,maxangle,probability,period)
VALUES (9,  '4','谢谢参与', 100,180 , 216,  10,'SpringDay');
INSERT INTO l_lottery (id,name,desc_,amount, minangle ,maxangle,probability,period)
VALUES (10,  '5','什么也没有', 500, 217 , 242, 10,'SpringDay');
--商品表
INSERT INTO t_commodity(id,name,commodityDetail,price,amount,type,period,deleted,enabled,createDate,updateDate,createBy,updateBy)
VALUES(1,"396元套餐","包含395分钟免费通话，870M流量",396,23,"package",'TheMayDay',1,1,NOW(),NOW(),'system1','system2');
INSERT INTO t_commodity(id,name,commodityDetail,price,amount,type,period,deleted,enabled,createDate,updateDate,createBy,updateBy)
VALUES(2,"596元套餐","包含595分钟免费通话，1070M流量",596,23,"package",'TheMayDay',1,1,NOW(),NOW(),'system1','system2');
INSERT INTO t_commodity(id,name,commodityDetail,price,amount,type,period,deleted,enabled,createDate,updateDate,createBy,updateBy)
VALUES(3,"流量半年包","80元购买1G国内流量",80,23,"flow",'TheMayDay',1,1,NOW(),NOW(),'system1','system2');
INSERT INTO t_commodity(id,name,commodityDetail,price,amount,type,period,deleted,enabled,createDate,updateDate,createBy,updateBy)
VALUES(4,"3G流量包","3G用户专享",10,23,"flow",'TheMayDay',1,1,NOW(),NOW(),'system1','system2');
INSERT INTO t_commodity(id,name,commodityDetail,price,amount,type,period,deleted,enabled,createDate,updateDate,createBy,updateBy)
VALUES(5,"4G闲时流量包","5元购买1GB省内流量",5,23,"flow",'TheMayDay',1,1,NOW(),NOW(),'system1','system2');
